Michal;Graczyk;1someMail@meil.com
Michal;Graczyk;2someMail@meil.com
Michal;Graczyk;3someMail@meil.com
Michal;Graczyk;4someMail@meil.com
Michal;Graczyk;5someMail@meil.com
Michal;Graczyk;6someMail@meil.com
Michal;Graczyk;7someMail@meil.com
Michal;Graczyk;8someMail@meil.com
Michal;Graczyk;9someMail@meil.com
Michal;Graczyk;10someMail@meil.com
Michal;Graczyk;11someMail@meil.com
Michal;Graczyk;12someMail@meil.com
Michal;Graczyk;13someMail@meil.com
Michal;Graczyk;14someMail@meil.com
Michal;Graczyk;15someMail@meil.com
Michal;Graczyk;16someMail@meil.com
Michal;Graczyk;17someMail@meil.com
Michal;Graczyk;18someMail@meil.com
Michal;Graczyk;19someMail@meil.com
Michal;Graczyk;20someMail@meil.com
Michal;Graczyk;21someMail@meil.com
Michal;Graczyk;22someMail@meil.com
Michal;Graczyk;23someMail@meil.com
Michal;Graczyk;24someMail@meil.com
Michal;Graczyk;25someMail@meil.com
Michal;Graczyk;26someMail@meil.com
Michal;Graczyk;27someMail@meil.com
Michal;Graczyk;28someMail@meil.com
Michal;Graczyk;29someMail@meil.com
Michal;Graczyk;30someMail@meil.com
Michal;Graczyk;31someMail@meil.com
Michal;Graczyk;32someMail@meil.com
Michal;Graczyk;33someMail@meil.com
Michal;Graczyk;34someMail@meil.com
Michal;Graczyk;35someMail@meil.com
Michal;Graczyk;36someMail@meil.com
Michal;Graczyk;37someMail@meil.com
Michal;Graczyk;38someMail@meil.com
Michal;Graczyk;39someMail@meil.com
Michal;Graczyk;40someMail@meil.com
Michal;Graczyk;41someMail@meil.com
Michal;Graczyk;42someMail@meil.com
Michal;Graczyk;43someMail@meil.com
Michal;Graczyk;44someMail@meil.com
Michal;Graczyk;45someMail@meil.com
Michal;Graczyk;46someMail@meil.com
Michal;Graczyk;47someMail@meil.com
Michal;Graczyk;48someMail@meil.com
Michal;Graczyk;49someMail@meil.com
Michal;Graczyk;50someMail@meil.com
Michal;Graczyk;51someMail@meil.com
Michal;Graczyk;52someMail@meil.com
Michal;Graczyk;53someMail@meil.com
Michal;Graczyk;54someMail@meil.com
Michal;Graczyk;55someMail@meil.com
Michal;Graczyk;56someMail@meil.com
Michal;Graczyk;57someMail@meil.com
Michal;Graczyk;58someMail@meil.com
Michal;Graczyk;59someMail@meil.com
Michal;Graczyk;60someMail@meil.com
Michal;Graczyk;61someMail@meil.com
Michal;Graczyk;62someMail@meil.com
Michal;Graczyk;63someMail@meil.com
Michal;Graczyk;64someMail@meil.com
Michal;Graczyk;65someMail@meil.com
Michal;Graczyk;66someMail@meil.com
Michal;Graczyk;67someMail@meil.com
Michal;Graczyk;68someMail@meil.com
Michal;Graczyk;69someMail@meil.com
Michal;Graczyk;70someMail@meil.com
Michal;Graczyk;71someMail@meil.com
Michal;Graczyk;72someMail@meil.com
Michal;Graczyk;73someMail@meil.com
Michal;Graczyk;74someMail@meil.com
Michal;Graczyk;75someMail@meil.com
Michal;Graczyk;76someMail@meil.com
Michal;Graczyk;77someMail@meil.com
Michal;Graczyk;78someMail@meil.com
Michal;Graczyk;79someMail@meil.com
Michal;Graczyk;80someMail@meil.com
Michal;Graczyk;81someMail@meil.com
Michal;Graczyk;82someMail@meil.com
Michal;Graczyk;83someMail@meil.com
Michal;Graczyk;84someMail@meil.com
Michal;Graczyk;85someMail@meil.com
Michal;Graczyk;86someMail@meil.com
Michal;Graczyk;87someMail@meil.com
Michal;Graczyk;88someMail@meil.com
Michal;Graczyk;89someMail@meil.com
Michal;Graczyk;90someMail@meil.com
Michal;Graczyk;91someMail@meil.com
Michal;Graczyk;92someMail@meil.com
Michal;Graczyk;93someMail@meil.com
Michal;Graczyk;94someMail@meil.com
Michal;Graczyk;95someMail@meil.com
Michal;Graczyk;96someMail@meil.com
Michal;Graczyk;97someMail@meil.com
Michal;Graczyk;98someMail@meil.com
Michal;Graczyk;99someMail@meil.com
Michal;Graczyk;100someMail@meil.com
Michal;Graczyk;101someMail@meil.com
Michal;Graczyk;102someMail@meil.com
Michal;Graczyk;103someMail@meil.com
Michal;Graczyk;104someMail@meil.com
Michal;Graczyk;105someMail@meil.com
Michal;Graczyk;106someMail@meil.com
Michal;Graczyk;107someMail@meil.com
Michal;Graczyk;108someMail@meil.com
Michal;Graczyk;109someMail@meil.com
Michal;Graczyk;110someMail@meil.com
Michal;Graczyk;111someMail@meil.com
Michal;Graczyk;112someMail@meil.com
Michal;Graczyk;113someMail@meil.com
Michal;Graczyk;114someMail@meil.com
Michal;Graczyk;115someMail@meil.com
Michal;Graczyk;116someMail@meil.com
Michal;Graczyk;117someMail@meil.com
Michal;Graczyk;118someMail@meil.com
Michal;Graczyk;119someMail@meil.com
Michal;Graczyk;120someMail@meil.com
Michal;Graczyk;121someMail@meil.com
Michal;Graczyk;122someMail@meil.com
Michal;Graczyk;123someMail@meil.com
Michal;Graczyk;124someMail@meil.com
Michal;Graczyk;125someMail@meil.com
Michal;Graczyk;126someMail@meil.com
Michal;Graczyk;127someMail@meil.com
Michal;Graczyk;128someMail@meil.com
Michal;Graczyk;129someMail@meil.com
Michal;Graczyk;130someMail@meil.com
Michal;Graczyk;131someMail@meil.com
Michal;Graczyk;132someMail@meil.com
Michal;Graczyk;133someMail@meil.com
Michal;Graczyk;134someMail@meil.com
Michal;Graczyk;135someMail@meil.com
Michal;Graczyk;136someMail@meil.com
Michal;Graczyk;137someMail@meil.com
Michal;Graczyk;138someMail@meil.com
Michal;Graczyk;139someMail@meil.com
Michal;Graczyk;140someMail@meil.com
Michal;Graczyk;141someMail@meil.com
Michal;Graczyk;142someMail@meil.com
Michal;Graczyk;143someMail@meil.com
Michal;Graczyk;144someMail@meil.com
Michal;Graczyk;145someMail@meil.com
Michal;Graczyk;146someMail@meil.com
Michal;Graczyk;147someMail@meil.com
Michal;Graczyk;148someMail@meil.com
Michal;Graczyk;149someMail@meil.com
Michal;Graczyk;150someMail@meil.com
Michal;Graczyk;151someMail@meil.com
Michal;Graczyk;152someMail@meil.com
Michal;Graczyk;153someMail@meil.com
Michal;Graczyk;154someMail@meil.com
Michal;Graczyk;155someMail@meil.com
Michal;Graczyk;156someMail@meil.com
Michal;Graczyk;157someMail@meil.com
Michal;Graczyk;158someMail@meil.com
Michal;Graczyk;159someMail@meil.com
Michal;Graczyk;160someMail@meil.com
Michal;Graczyk;161someMail@meil.com
Michal;Graczyk;162someMail@meil.com
Michal;Graczyk;163someMail@meil.com
Michal;Graczyk;164someMail@meil.com
Michal;Graczyk;165someMail@meil.com
Michal;Graczyk;166someMail@meil.com
Michal;Graczyk;167someMail@meil.com
Michal;Graczyk;168someMail@meil.com
Michal;Graczyk;169someMail@meil.com
Michal;Graczyk;170someMail@meil.com
Michal;Graczyk;171someMail@meil.com
Michal;Graczyk;172someMail@meil.com
Michal;Graczyk;173someMail@meil.com
Michal;Graczyk;174someMail@meil.com
Michal;Graczyk;175someMail@meil.com
Michal;Graczyk;176someMail@meil.com
Michal;Graczyk;177someMail@meil.com
Michal;Graczyk;178someMail@meil.com
Michal;Graczyk;179someMail@meil.com
Michal;Graczyk;180someMail@meil.com
Michal;Graczyk;181someMail@meil.com
Michal;Graczyk;182someMail@meil.com
Michal;Graczyk;183someMail@meil.com
Michal;Graczyk;184someMail@meil.com
Michal;Graczyk;185someMail@meil.com
Michal;Graczyk;186someMail@meil.com
Michal;Graczyk;187someMail@meil.com
Michal;Graczyk;188someMail@meil.com
Michal;Graczyk;189someMail@meil.com
Michal;Graczyk;190someMail@meil.com
Michal;Graczyk;191someMail@meil.com
Michal;Graczyk;192someMail@meil.com
Michal;Graczyk;193someMail@meil.com
Michal;Graczyk;194someMail@meil.com
Michal;Graczyk;195someMail@meil.com
Michal;Graczyk;196someMail@meil.com
Michal;Graczyk;197someMail@meil.com
Michal;Graczyk;198someMail@meil.com
Michal;Graczyk;199someMail@meil.com
Michal;Graczyk;200someMail@meil.com
Michal;Graczyk;201someMail@meil.com
Michal;Graczyk;202someMail@meil.com
Michal;Graczyk;203someMail@meil.com
Michal;Graczyk;204someMail@meil.com
Michal;Graczyk;205someMail@meil.com
Michal;Graczyk;206someMail@meil.com
Michal;Graczyk;207someMail@meil.com
Michal;Graczyk;208someMail@meil.com
Michal;Graczyk;209someMail@meil.com
Michal;Graczyk;210someMail@meil.com
Michal;Graczyk;211someMail@meil.com
Michal;Graczyk;212someMail@meil.com
Michal;Graczyk;213someMail@meil.com
Michal;Graczyk;214someMail@meil.com
Michal;Graczyk;215someMail@meil.com
Michal;Graczyk;216someMail@meil.com
Michal;Graczyk;217someMail@meil.com
Michal;Graczyk;218someMail@meil.com
Michal;Graczyk;219someMail@meil.com
Michal;Graczyk;220someMail@meil.com
Michal;Graczyk;221someMail@meil.com
Michal;Graczyk;222someMail@meil.com
Michal;Graczyk;223someMail@meil.com
Michal;Graczyk;224someMail@meil.com
Michal;Graczyk;225someMail@meil.com
Michal;Graczyk;226someMail@meil.com
Michal;Graczyk;227someMail@meil.com
Michal;Graczyk;228someMail@meil.com
Michal;Graczyk;229someMail@meil.com
Michal;Graczyk;230someMail@meil.com
Michal;Graczyk;231someMail@meil.com
Michal;Graczyk;232someMail@meil.com
Michal;Graczyk;233someMail@meil.com
Michal;Graczyk;234someMail@meil.com
Michal;Graczyk;235someMail@meil.com
Michal;Graczyk;236someMail@meil.com
Michal;Graczyk;237someMail@meil.com
Michal;Graczyk;238someMail@meil.com
Michal;Graczyk;239someMail@meil.com
Michal;Graczyk;240someMail@meil.com
Michal;Graczyk;241someMail@meil.com
Michal;Graczyk;242someMail@meil.com
Michal;Graczyk;243someMail@meil.com
Michal;Graczyk;244someMail@meil.com
Michal;Graczyk;245someMail@meil.com
Michal;Graczyk;246someMail@meil.com
Michal;Graczyk;247someMail@meil.com
Michal;Graczyk;248someMail@meil.com
Michal;Graczyk;249someMail@meil.com
Michal;Graczyk;250someMail@meil.com
Michal;Graczyk;251someMail@meil.com
Michal;Graczyk;252someMail@meil.com
Michal;Graczyk;253someMail@meil.com
Michal;Graczyk;254someMail@meil.com
Michal;Graczyk;255someMail@meil.com
Michal;Graczyk;256someMail@meil.com
Michal;Graczyk;257someMail@meil.com
Michal;Graczyk;258someMail@meil.com
Michal;Graczyk;259someMail@meil.com
Michal;Graczyk;260someMail@meil.com
Michal;Graczyk;261someMail@meil.com
Michal;Graczyk;262someMail@meil.com
Michal;Graczyk;263someMail@meil.com
Michal;Graczyk;264someMail@meil.com
Michal;Graczyk;265someMail@meil.com
Michal;Graczyk;266someMail@meil.com
Michal;Graczyk;267someMail@meil.com
Michal;Graczyk;268someMail@meil.com
Michal;Graczyk;269someMail@meil.com
Michal;Graczyk;270someMail@meil.com
Michal;Graczyk;271someMail@meil.com
Michal;Graczyk;272someMail@meil.com
Michal;Graczyk;273someMail@meil.com
Michal;Graczyk;274someMail@meil.com
Michal;Graczyk;275someMail@meil.com
Michal;Graczyk;276someMail@meil.com
Michal;Graczyk;277someMail@meil.com
Michal;Graczyk;278someMail@meil.com
Michal;Graczyk;279someMail@meil.com
Michal;Graczyk;280someMail@meil.com
Michal;Graczyk;281someMail@meil.com
Michal;Graczyk;282someMail@meil.com
Michal;Graczyk;283someMail@meil.com
Michal;Graczyk;284someMail@meil.com
Michal;Graczyk;285someMail@meil.com
Michal;Graczyk;286someMail@meil.com
Michal;Graczyk;287someMail@meil.com
Michal;Graczyk;288someMail@meil.com
Michal;Graczyk;289someMail@meil.com
Michal;Graczyk;290someMail@meil.com
Michal;Graczyk;291someMail@meil.com
Michal;Graczyk;292someMail@meil.com
Michal;Graczyk;293someMail@meil.com
Michal;Graczyk;294someMail@meil.com
Michal;Graczyk;295someMail@meil.com
Michal;Graczyk;296someMail@meil.com
Michal;Graczyk;297someMail@meil.com
Michal;Graczyk;298someMail@meil.com
Michal;Graczyk;299someMail@meil.com
Michal;Graczyk;300someMail@meil.com
